-- Boxes
INSERT INTO BOXES (ID, INDOOR, WINDOWS, DAILY_RATE, AREA, NAME) VALUES (0, FALSE, FALSE, 0, 0, 'box_0');
INSERT INTO BOXES (ID, INDOOR, WINDOWS, DAILY_RATE, AREA, NAME) VALUES (1, TRUE, TRUE, 1, 1, 'box_1');
INSERT INTO BOXES (ID, INDOOR, WINDOWS, DAILY_RATE, AREA, NAME) VALUES (2, FALSE, FALSE, 2, 2, 'box_2');
INSERT INTO BOXES (ID, INDOOR, WINDOWS, DAILY_RATE, AREA, NAME) VALUES (3, TRUE, TRUE, 3, 3, 'box_3');
INSERT INTO BOXES (ID, INDOOR, WINDOWS, DAILY_RATE, AREA, NAME) VALUES (4, FALSE, FALSE, 4, 4, 'box_4');
INSERT INTO BOXES (ID, INDOOR, WINDOWS, DAILY_RATE, AREA, NAME) VALUES (5, TRUE, TRUE, 5, 5, 'box_5');
INSERT INTO BOXES (ID, INDOOR, WINDOWS, DAILY_RATE, AREA, NAME) VALUES (6, FALSE, FALSE, 6, 6, 'box_6');
INSERT INTO BOXES (ID, INDOOR, WINDOWS, DAILY_RATE, AREA, NAME) VALUES (7, TRUE, TRUE, 7, 7, 'box_7');
INSERT INTO BOXES (ID, INDOOR, WINDOWS, DAILY_RATE, AREA, NAME) VALUES (8, FALSE, FALSE, 8, 8, 'box_8');
INSERT INTO BOXES (ID, INDOOR, WINDOWS, DAILY_RATE, AREA, NAME) VALUES (9, TRUE, TRUE, 9, 9, 'box_9');
INSERT INTO BOXES (ID, INDOOR, WINDOWS, DAILY_RATE, AREA, NAME) VALUES (10, FALSE, FALSE, 10, 10, 'box_10');
INSERT INTO BOXES (ID, INDOOR, WINDOWS, DAILY_RATE, AREA, NAME) VALUES (11, TRUE, TRUE, 11, 11, 'box_11');
INSERT INTO BOXES (ID, INDOOR, WINDOWS, DAILY_RATE, AREA, NAME) VALUES (12, FALSE, FALSE, 12, 12, 'box_12');
INSERT INTO BOXES (ID, INDOOR, WINDOWS, DAILY_RATE, AREA, NAME) VALUES (13, TRUE, TRUE, 13, 13, 'box_13');
INSERT INTO BOXES (ID, INDOOR, WINDOWS, DAILY_RATE, AREA, NAME) VALUES (14, FALSE, FALSE, 14, 14, 'box_14');
-- Bookings
INSERT INTO BOOKINGS (ID, BEGIN_TIME, END_TIME, CUSTOMER_NAME) VALUES (0, '2017-03-10', '2017-03-30', 'customer_0');
INSERT INTO BOOKINGS (ID, BEGIN_TIME, END_TIME, CUSTOMER_NAME) VALUES (1, '2017-03-10', '2017-03-30', 'customer_1');
INSERT INTO BOOKINGS (ID, BEGIN_TIME, END_TIME, CUSTOMER_NAME) VALUES (2, '2017-03-10', '2017-03-30', 'customer_2');
INSERT INTO BOOKINGS (ID, BEGIN_TIME, END_TIME, CUSTOMER_NAME) VALUES (3, '2017-03-10', '2017-03-30', 'customer_3');
INSERT INTO BOOKINGS (ID, BEGIN_TIME, END_TIME, CUSTOMER_NAME) VALUES (4, '2017-03-10', '2017-03-30', 'customer_4');
INSERT INTO BOOKINGS (ID, BEGIN_TIME, END_TIME, CUSTOMER_NAME) VALUES (5, '2017-03-10', '2017-03-30', 'customer_5');
INSERT INTO BOOKINGS (ID, BEGIN_TIME, END_TIME, CUSTOMER_NAME) VALUES (6, '2017-04-10', '2017-04-30', 'customer_6');
INSERT INTO BOOKINGS (ID, BEGIN_TIME, END_TIME, CUSTOMER_NAME) VALUES (7, '2017-04-10', '2017-04-30', 'customer_7');
INSERT INTO BOOKINGS (ID, BEGIN_TIME, END_TIME, CUSTOMER_NAME) VALUES (8, '2017-04-10', '2017-04-30', 'customer_8');
INSERT INTO BOOKINGS (ID, BEGIN_TIME, END_TIME, CUSTOMER_NAME) VALUES (9, '2017-04-10', '2017-04-30', 'customer_9');
INSERT INTO BOOKINGS (ID, BEGIN_TIME, END_TIME, CUSTOMER_NAME) VALUES (10, '2017-04-10', '2017-04-30', 'customer_10');
INSERT INTO BOOKINGS (ID, BEGIN_TIME, END_TIME, CUSTOMER_NAME) VALUES (11, '2017-04-10', '2017-04-30', 'customer_11');
INSERT INTO BOOKINGS (ID, BEGIN_TIME, END_TIME, CUSTOMER_NAME) VALUES (12, '2017-04-10', '2017-04-30', 'customer_12');
INSERT INTO BOOKINGS (ID, BEGIN_TIME, END_TIME, CUSTOMER_NAME) VALUES (13, '2017-05-10', '2017-05-30', 'customer_13');
INSERT INTO BOOKINGS (ID, BEGIN_TIME, END_TIME, CUSTOMER_NAME) VALUES (14, '2017-05-10', '2017-05-30', 'customer_14');
-- Box bookings
INSERT INTO BOXBOOKINGS (BOOKING_ID, BOX_ID, HORSE_NAME, DAILY_RATE) VALUES
  (1, 1, 'Horse', 102.0),
  (1, 2, 'Horse', 28.0),
  (1, 3, 'Horse', 14.0),
  (2, 4, 'Horse', 241.0),
  (2, 5, 'Horse', 288.0),
  (2, 6, 'Horse', 212.0),
  (3, 7, 'Horse', 332.0),
  (3, 8, 'Horse', 112.0),
  (3, 9, 'Horse', 532.0);
